Mutation,Gene,Mutation_Frequency (%)
SPOP_p.W131G,SPOP,1.6064257028112447
SPOP_p.F133L,SPOP,1.4056224899598393
FAM47C_p.N648D,FAM47C,1.2048192771084338
SPOP_p.F133V,SPOP,1.2048192771084338
SPOP_p.F102V,SPOP,0.8032128514056224
TP53_p.G245S,TP53,0.8032128514056224
ZNF709_p.T413I,ZNF709,0.8032128514056224
SPOP_p.F133C,SPOP,0.8032128514056224
SBNO1_p.A1372V,SBNO1,0.8032128514056224
GAGE2A_p.9_9Y>YY,GAGE2A,0.8032128514056224
TP53_p.R248Q,TP53,0.8032128514056224
AGAP6_p.S104I,AGAP6,0.6024096385542169
MED12_p.L1224F,MED12,0.6024096385542169
LMOD2_p.E124del,LMOD2,0.6024096385542169
HRAS_p.Q61R,HRAS,0.6024096385542169
GATA6_p.H333del,GATA6,0.6024096385542169
FOXA1_p.254_256FEN>Y,FOXA1,0.6024096385542169
EMG1_p.F42fs,EMG1,0.6024096385542169
CNTNAP1_p.S1029I,CNTNAP1,0.6024096385542169
DPY19L2_p.M210V,DPY19L2,0.6024096385542169
CANT1_p.K131R,CANT1,0.6024096385542169
OR4N4_p.R165C,OR4N4,0.6024096385542169
PIK3CA_p.E542K,PIK3CA,0.6024096385542169
MLLT10_p.V463E,MLLT10,0.6024096385542169
TP53_p.Y163H,TP53,0.6024096385542169
TNRC18_p.2664_2665SS>S,TNRC18,0.6024096385542169
ZNF254_p.S498A,ZNF254,0.6024096385542169
ZNF828_p.L550P,ZNF828,0.6024096385542169
